Workbook

Sheet موجودی
A1: ردیف | B1: دسته بندی | C1: محصول | D1: وزن | E1: عیار | F1: فی تهیه اجرت درصدی | G1: اجرت درصدی فروش | H1: فی تهیه اجرت مبلغی | I1: اجرت مبلغی فروش | J1: فی تهیه سنگ | K1: فی فروش سنگ | L1: رنگ | M1: نوع کالا | N1: سایز | O1: کد قدیمی | P1: وضعیت
A2: 1 | B2: وزنی | C2: GD02002967 - میرو | D2: 10.61 | E2: 750 | F2: 15 | G2: 21 | H2: 0 | I2: 0 | J2: 0 | K2: 0 | L2: زرد | M2: گردنبند | P2: =IF(OR(COUNTIF('ثبت لیبل'!$B$11:$B$1010,TRIM(LEFT(C2,FIND("-",C2&"-")-1)))>0,COUNTIF('ثبت لیبل'!$B$11:$B$1010,SUBSTITUTE(TRIM(LEFT(C2,FIND("-",C2&"-")-1)),"GD",""))>0),"موجود","") -> موجود
A3: 2 | B3: وزنی | C3: GD02002885 - ماهلین میوه | D3: 0.05 | E3: 750 | F3: 6 | G3: 6 | H3: 0 | I3: 0 | J3: 6160000 | K3: 6160000 | L3: دورنگ | M3: مدال | P3: =IF(OR(COUNTIF('ثبت لیبل'!$B$11:$B$1010,TRIM(LEFT(C3,FIND("-",C3&"-")-1)))>0,COUNTIF('ثبت لیبل'!$B$11:$B$1010,SUBSTITUTE(TRIM(LEFT(C3,FIND("-",C3&"-")-1)),"GD",""))>0),"موجود","")
A4: 3 | B4: وزنی | C4: GD02002886 - ماهلین میوه | D4: 0.05 | E4: 750 | F4: 6 | G4: 6 | H4: 0 | I4: 0 | J4: 6160000 | K4: 6160000 | L4: دورنگ | M4: مدال | P4: =IF(OR(COUNTIF('ثبت لیبل'!$B$11:$B$1010,TRIM(LEFT(C4,FIND("-",C4&"-")-1)))>0,COUNTIF('ثبت لیبل'!$B$11:$B$1010,SUBSTITUTE(TRIM(LEFT(C4,FIND("-",C4&"-")-1)),"GD",""))>0),"موجود","")
A5: 4 | B5: وزنی | C5: GD02002898 - ماهلین میوه | D5: 0.05 | E5: 750 | F5: 6 | G5: 6 | H5: 0 | I5: 0 | J5: 6160000 | K5: 6160000 | L5: دورنگ | M5: مدال | P5: =IF(OR(COUNTIF('ثبت لیبل'!$B$11:$B$1010,TRIM(LEFT(C5,FIND("-",C5&"-")-1)))>0,COUNTIF('ثبت لیبل'!$B$11:$B$1010,SUBSTITUTE(TRIM(LEFT(C5,FIND("-",C5&"-")-1)),"GD",""))>0),"موجود","")
A6: 5 | B6: وزنی | C6: GD02002899 - ماهلین میوه | D6: 0.05 | E6: 750 | F6: 6 | G6: 6 | H6: 0 | I6: 0 | J6: 6160000 | K6: 6160000 | L6: دورنگ | M6: مدال | P6: =IF(OR(COUNTIF('ثبت لیبل'!$B$11:$B$1010,TRIM(LEFT(C6,FIND("-",C6&"-")-1)))>0,COUNTIF('ثبت لیبل'!$B$11:$B$1010,SUBSTITUTE(TRIM(LEFT(C6,FIND("-",C6&"-")-1)),"GD",""))>0),"موجود","")
A7: 6 | B7: وزنی | C7: GD02002884 - ماهلین میوه | D7: 0.05 | E7: 750 | F7: 6 | G7: 6 | H7: 0 | I7: 0 | J7: 6160000 | K7: 6160000 | L7: دورنگ | M7: مدال | P7: =IF(OR(COUNTIF('ثبت لیبل'!$B$11:$B$1010,TRIM(LEFT(C7,FIND("-",C7&"-")-1)))>0,COUNTIF('ثبت لیبل'!$B$11:$B$1010,SUBSTITUTE(TRIM(LEFT(C7,FIND("-",C7&"-")-1)),"GD",""))>0),"موجود","")
A8: 7 | B8: وزنی | C8: GD02002891 - ماهلین میوه | D8: 0.05 | E8: 750 | F8: 6 | G8: 6 | H8: 0 | I8: 0 | J8: 6160000 | K8: 6160000 | L8: دورنگ | M8: مدال | P8: =IF(OR(COUNTIF('ثبت لیبل'!$B$11:$B$1010,TRIM(LEFT(C8,FIND("-",C8&"-")-1)))>0,COUNTIF('ثبت لیبل'!$B$11:$B$1010,SUBSTITUTE(TRIM(LEFT(C8,FIND("-",C8&"-")-1)),"GD",""))>0),"موجود","")
A9: 8 | B9: وزنی | C9: GD02002881 - ماهلین میوه | D9: 0.05 | E9: 750 | F9: 6 | G9: 6 | H9: 0 | I9: 0 | J9: 6160000 | K9: 6160000 | L9: دورنگ | M9: مدال | P9: =IF(OR(COUNTIF('ثبت لیبل'!$B$11:$B$1010,TRIM(LEFT(C9,FIND("-",C9&"-")-1)))>0,COUNTIF('ثبت لیبل'!$B$11:$B$1010,SUBSTITUTE(TRIM(LEFT(C9,FIND("-",C9&"-")-1)),"GD",""))>0),"موجود","")
A10: 9 | B10: وزنی | C10: GD02002888 - ماهلین میوه | D10: 0.05 | E10: 750 | F10: 6 | G10: 6 | H10: 0 | I10: 0 | J10: 6160000 | K10: 6160000 | L10: دورنگ | M10: مدال | P10: =IF(OR(COUNTIF('ثبت لیبل'!$B$11:$B$1010,TRIM(LEFT(C10,FIND("-",C10&"-")-1)))>0,COUNTIF('ثبت لیبل'!$B$11:$B$1010,SUBSTITUTE(TRIM(LEFT(C10,FIND("-",C10&"-")-1)),"GD",""))>0),"موجود","")
A11: 10 | B11: وزنی | C11: GD02002880 - دریایی | D11: 0.55 | E11: 750 | F11: 12 | G11: 12 | H11: 0 | I11: 0 | J11: 0 | K11: 0 | L11: زرد | M11: مدال | P11: =IF(OR(COUNTIF('ثبت لیبل'!$B$11:$B$1010,TRIM(LEFT(C11,FIND("-",C11&"-")-1)))>0,COUNTIF('ثبت لیبل'!$B$11:$B$1010,SUBSTITUTE(TRIM(LEFT(C11,FIND("-",C11&"-")-1)),"GD",""))>0),"موجود","")
A12: 11 | B12: وزنی | C12: GD02002878 - دریایی | D12: 0.95 | E12: 750 | F12: 12 | G12: 12 | H12: 0 | I12: 0 | J12: 0 | K12: 0 | L12: زرد | M12: مدال | P12: =IF(OR(COUNTIF('ثبت لیبل'!$B$11:$B$1010,TRIM(LEFT(C12,FIND("-",C12&"-")-1)))>0,COUNTIF('ثبت لیبل'!$B$11:$B$1010,SUBSTITUTE(TRIM(LEFT(C12,FIND("-",C12&"-")-1)),"GD",""))>0),"موجود","")
A13: 12 | B13: وزنی | C13: GD02002879 - دریایی | D13: 0.7 | E13: 750 | F13: 12 | G13: 12 | H13: 0 | I13: 0 | J13: 0 | K13: 0 | L13: زرد | M13: مدال | P13: =IF(OR(COUNTIF('ثبت لیبل'!$B$11:$B$1010,TRIM(LEFT(C13,FIND("-",C13&"-")-1)))>0,COUNTIF('ثبت لیبل'!$B$11:$B$1010,SUBSTITUTE(TRIM(LEFT(C13,FIND("-",C13&"-")-1)),"GD",""))>0),"موجود","")
... A191: 190 | B191: وزنی | C191: GD02001562 - تک نگین | D191: 1.86 | E191: 750 | F191: 11 | G191: 11 | H191: 0 | I191: 0 | J191: 0 | K191: 0 | L191: زرد | M191: بنگل | P191: =IF(OR(COUNTIF('ثبت لیبل'!$B$11:$B$1010,TRIM(LEFT(C191,FIND("-",C191&"-")-1)))>0,COUNTIF('ثبت لیبل'!$B$11:$B$1010,SUBSTITUTE(TRIM(LEFT(C191,FIND("-",C191&"-")-1)),"GD",""))>0),"موجود","")
A192: 191 | B192: وزنی | C192: GD02001734 - ماهلین | D192: 2.68 | E192: 750 | F192: 13 | H192: 0 | J192: 0 | L192: زرد | M192: سرویس | P192: =IF(OR(COUNTIF('ثبت لیبل'!$B$11:$B$1010,TRIM(LEFT(C192,FIND("-",C192&"-")-1)))>0,COUNTIF('ثبت لیبل'!$B$11:$B$1010,SUBSTITUTE(TRIM(LEFT(C192,FIND("-",C192&"-")-1)),"GD",""))>0),"موجود","")
A193: 192 | B193: وزنی | C193: GD02001553 - موجی | D193: 0.8 | E193: 750 | F193: 12 | G193: 12 | H193: 0 | I193: 0 | J193: 0 | K193: 0 | L193: زرد | M193: گوشواره | P193: =IF(OR(COUNTIF('ثبت لیبل'!$B$11:$B$1010,TRIM(LEFT(C193,FIND("-",C193&"-")-1)))>0,COUNTIF('ثبت لیبل'!$B$11:$B$1010,SUBSTITUTE(TRIM(LEFT(C193,FIND("-",C193&"-")-1)),"GD",""))>0),"موجود","")
A194: 193 | B194: وزنی | C194: GD02001557 - موجی | D194: 0.75 | E194: 750 | F194: 12 | G194: 12 | H194: 0 | I194: 0 | J194: 0 | K194: 0 | L194: زرد | M194: گوشواره | P194: =IF(OR(COUNTIF('ثبت لیبل'!$B$11:$B$1010,TRIM(LEFT(C194,FIND("-",C194&"-")-1)))>0,COUNTIF('ثبت لیبل'!$B$11:$B$1010,SUBSTITUTE(TRIM(LEFT(C194,FIND("-",C194&"-")-1)),"GD",""))>0),"موجود","")
A195: 194 | B195: وزنی | C195: GD02001558 - موجی | D195: 0.73 | E195: 750 | F195: 12 | G195: 12 | H195: 0 | I195: 0 | J195: 0 | K195: 0 | L195: زرد | M195: گوشواره | P195: =IF(OR(COUNTIF('ثبت لیبل'!$B$11:$B$1010,TRIM(LEFT(C195,FIND("-",C195&"-")-1)))>0,COUNTIF('ثبت لیبل'!$B$11:$B$1010,SUBSTITUTE(TRIM(LEFT(C195,FIND("-",C195&"-")-1)),"GD",""))>0),"موجود","")
A196: 195 | B196: وزنی | C196: GD02001556 - موجی | D196: 0.74 | E196: 750 | F196: 12 | G196: 12 | H196: 0 | I196: 0 | J196: 0 | K196: 0 | L196: زرد | M196: گوشواره | P196: =IF(OR(COUNTIF('ثبت لیبل'!$B$11:$B$1010,TRIM(LEFT(C196,FIND("-",C196&"-")-1)))>0,COUNTIF('ثبت لیبل'!$B$11:$B$1010,SUBSTITUTE(TRIM(LEFT(C196,FIND("-",C196&"-")-1)),"GD",""))>0),"موجود","")
A197: 196 | B197: وزنی | C197: GD02001555 - موجی | D197: 0.86 | E197: 750 | F197: 12 | G197: 12 | H197: 0 | I197: 0 | J197: 0 | K197: 0 | L197: زرد | M197: گوشواره | P197: =IF(OR(COUNTIF('ثبت لیبل'!$B$11:$B$1010,TRIM(LEFT(C197,FIND("-",C197&"-")-1)))>0,COUNTIF('ثبت لیبل'!$B$11:$B$1010,SUBSTITUTE(TRIM(LEFT(C197,FIND("-",C197&"-")-1)),"GD",""))>0),"موجود","")
A198: 197 | B198: وزنی | C198: GD02001554 - موجی | D198: 0.84 | E198: 750 | F198: 12 | G198: 12 | H198: 0 | I198: 0 | J198: 0 | K198: 0 | L198: زرد | M198: گوشواره | P198: =IF(OR(COUNTIF('ثبت لیبل'!$B$11:$B$1010,TRIM(LEFT(C198,FIND("-",C198&"-")-1)))>0,COUNTIF('ثبت لیبل'!$B$11:$B$1010,SUBSTITUTE(TRIM(LEFT(C198,FIND("-",C198&"-")-1)),"GD",""))>0),"موجود","")
A199: 198 | B199: وزنی | C199: GD02001540 - هندسی | D199: 1.33 | E199: 750 | F199: 11 | H199: 0 | J199: 0 | L199: زرد | M199: گوشواره | P199: =IF(OR(COUNTIF('ثبت لیبل'!$B$11:$B$1010,TRIM(LEFT(C199,FIND("-",C199&"-")-1)))>0,COUNTIF('ثبت لیبل'!$B$11:$B$1010,SUBSTITUTE(TRIM(LEFT(C199,FIND("-",C199&"-")-1)),"GD",""))>0),"موجود","")
A200: 199 | B200: وزنی | C200: GD02001541 - هندسی | D200: 1.13 | E200: 750 | F200: 11 | G200: 11 | H200: 0 | I200: 0 | J200: 0 | K200: 0 | L200: زرد | M200: گوشواره | P200: =IF(OR(COUNTIF('ثبت لیبل'!$B$11:$B$1010,TRIM(LEFT(C200,FIND("-",C200&"-")-1)))>0,COUNTIF('ثبت لیبل'!$B$11:$B$1010,SUBSTITUTE(TRIM(LEFT(C200,FIND("-",C200&"-")-1)),"GD",""))>0),"موجود","")
A201: 200 | B201: وزنی | C201: GD02001542 - هندسی | D201: 1.09 | E201: 750 | F201: 11 | G201: 11 | H201: 0 | I201: 0 | J201: 0 | K201: 0 | L201: زرد | M201: گوشواره | P201: =IF(OR(COUNTIF('ثبت لیبل'!$B$11:$B$1010,TRIM(LEFT(C201,FIND("-",C201&"-")-1)))>0,COUNTIF('ثبت لیبل'!$B$11:$B$1010,SUBSTITUTE(TRIM(LEFT(C201,FIND("-",C201&"-")-1)),"GD",""))>0),"موجود","")
A202: 201 | B202: وزنی | C202: GD02001545 - حلقه ای لوکس | D202: 0.91 | E202: 750 | F202: 10 | G202: 10 | H202: 0 | I202: 0 | J202: 0 | K202: 0 | L202: زرد | M202: گوشواره | P202: =IF(OR(COUNTIF('ثبت لیبل'!$B$11:$B$1010,TRIM(LEFT(C202,FIND("-",C202&"-")-1)))>0,COUNTIF('ثبت لیبل'!$B$11:$B$1010,SUBSTITUTE(TRIM(LEFT(C202,FIND("-",C202&"-")-1)),"GD",""))>0),"موجود","")
A203: 202 | B203: وزنی | C203: GD02001543 - هندسی | D203: 1.09 | E203: 750 | F203: 11 | G203: 11 | H203: 0 | I203: 0 | J203: 0 | K203: 0 | L203: زرد | M203: گوشواره | P203: =IF(OR(COUNTIF('ثبت لیبل'!$B$11:$B$1010,TRIM(LEFT(C203,FIND("-",C203&"-")-1)))>0,COUNTIF('ثبت لیبل'!$B$11:$B$1010,SUBSTITUTE(TRIM(LEFT(C203,FIND("-",C203&"-")-1)),"GD",""))>0),"موجود","")
A204: 203 | B204: سکه پارسیان | C204: GD01001619 - پارسیان | D204: 0.04 | E204: 750 | F204: 0 | G204: 0 | H204: 0 | I204: 0 | J204: 550000 | K204: 550000 | L204: زرد | M204: سکه | P204: =IF(OR(COUNTIF('ثبت لیبل'!$B$11:$B$1010,TRIM(LEFT(C204,FIND("-",C204&"-")-1)))>0,COUNTIF('ثبت لیبل'!$B$11:$B$1010,SUBSTITUTE(TRIM(LEFT(C204,FIND("-",C204&"-")-1)),"GD",""))>0),"موجود","")
A205: 204 | B205: سکه پارسیان | C205: GD01001601 - پارسیان | D205: 0.03 | E205: 750 | F205: 0 | G205: 0 | H205: 0 | I205: 0 | J205: 550000 | K205: 550000 | L205: زرد | M205: سکه | P205: =IF(OR(COUNTIF('ثبت لیبل'!$B$11:$B$1010,TRIM(LEFT(C205,FIND("-",C205&"-")-1)))>0,COUNTIF('ثبت لیبل'!$B$11:$B$1010,SUBSTITUTE(TRIM(LEFT(C205,FIND("-",C205&"-")-1)),"GD",""))>0),"موجود","")
A206: 205 | B206: سکه پارسیان | C206: GD01001620 - پارسیان | D206: 0.04 | E206: 750 | F206: 0 | G206: 0 | H206: 0 | I206: 0 | J206: 550000 | K206: 550000 | L206: زرد | M206: سکه | P206: =IF(OR(COUNTIF('ثبت لیبل'!$B$11:$B$1010,TRIM(LEFT(C206,FIND("-",C206&"-")-1)))>0,COUNTIF('ثبت لیبل'!$B$11:$B$1010,SUBSTITUTE(TRIM(LEFT(C206,FIND("-",C206&"-")-1)),"GD",""))>0),"موجود","")
A207: 206 | B207: سکه پارسیان | C207: GD01001602 - پارسیان | D207: 0.03 | E207: 750 | F207: 0 | G207: 0 | H207: 0 | I207: 0 | J207: 550000 | K207: 550000 | L207: زرد | M207: سکه | P207: =IF(OR(COUNTIF('ثبت لیبل'!$B$11:$B$1010,TRIM(LEFT(C207,FIND("-",C207&"-")-1)))>0,COUNTIF('ثبت لیبل'!$B$11:$B$1010,SUBSTITUTE(TRIM(LEFT(C207,FIND("-",C207&"-")-1)),"GD",""))>0),"موجود","")
A208: 207 | B208: سکه پارسیان | C208: GD01001652 - پارسیان | D208: 0.07 | E208: 750 | F208: 0 | G208: 0 | H208: 0 | I208: 0 | J208: 550000 | K208: 550000 | L208: زرد | M208: سکه | P208: =IF(OR(COUNTIF('ثبت لیبل'!$B$11:$B$1010,TRIM(LEFT(C208,FIND("-",C208&"-")-1)))>0,COUNTIF('ثبت لیبل'!$B$11:$B$1010,SUBSTITUTE(TRIM(LEFT(C208,FIND("-",C208&"-")-1)),"GD",""))>0),"موجود","")
A209: 208 | B209: سکه پارسیان | C209: GD01001603 - پارسیان | D209: 0.03 | E209: 750 | F209: 0 | G209: 0 | H209: 0 | I209: 0 | J209: 550000 | K209: 550000 | L209: زرد | M209: سکه | P209: =IF(OR(COUNTIF('ثبت لیبل'!$B$11:$B$1010,TRIM(LEFT(C209,FIND("-",C209&"-")-1)))>0,COUNTIF('ثبت لیبل'!$B$11:$B$1010,SUBSTITUTE(TRIM(LEFT(C209,FIND("-",C209&"-")-1)),"GD",""))>0),"موجود","")
A210: 209 | B210: سکه پارسیان | C210: GD01001653 - پارسیان | D210: 0.07 | E210: 750 | F210: 0 | G210: 0 | H210: 0 | I210: 0 | J210: 550000 | K210: 550000 | L210: زرد | M210: سکه | P210: =IF(OR(COUNTIF('ثبت لیبل'!$B$11:$B$1010,TRIM(LEFT(C210,FIND("-",C210&"-")-1)))>0,COUNTIF('ثبت لیبل'!$B$11:$B$1010,SUBSTITUTE(TRIM(LEFT(C210,FIND("-",C210&"-")-1)),"GD",""))>0),"موجود","")
A211: 210 | B211: سکه پارسیان | C211: GD01001586 - پارسیان | D211: 0.03 | E211: 750 | F211: 0 | G211: 0 | H211: 0 | I211: 0 | J211: 550000 | K211: 550000 | L211: زرد | M211: سکه | P211: =IF(OR(COUNTIF('ثبت لیبل'!$B$11:$B$1010,TRIM(LEFT(C211,FIND("-",C211&"-")-1)))>0,COUNTIF('ثبت لیبل'!$B$11:$B$1010,SUBSTITUTE(TRIM(LEFT(C211,FIND("-",C211&"-")-1)),"GD",""))>0),"موجود","")
... A300: 299 | B300: سکه پارسیان | C300: GD01001651 - پارسیان | D300: 0.05 | E300: 750 | F300: 0 | G300: 0 | H300: 0 | I300: 0 | J300: 550000 | K300: 550000 | L300: زرد | M300: سکه | P300: =IF(OR(COUNTIF('ثبت لیبل'!$B$11:$B$1010,TRIM(LEFT(C300,FIND("-",C300&"-")-1)))>0,COUNTIF('ثبت لیبل'!$B$11:$B$1010,SUBSTITUTE(TRIM(LEFT(C300,FIND("-",C300&"-")-1)),"GD",""))>0),"موجود","")
A301: 300 | B301: سکه پارسیان | C301: GD01001725 - پارسیان | D301: 0.25 | E301: 750 | F301: 0 | G301: 0 | H301: 0 | I301: 0 | J301: 550000 | K301: 550000 | P301: =IF(OR(COUNTIF('ثبت لیبل'!$B$11:$B$1010,TRIM(LEFT(C301,FIND("-",C301&"-")-1)))>0,COUNTIF('ثبت لیبل'!$B$11:$B$1010,SUBSTITUTE(TRIM(LEFT(C301,FIND("-",C301&"-")-1)),"GD",""))>0),"موجود","")
A302: 301 | B302: سکه پارسیان | C302: GD01001726 - پارسیان | D302: 0.25 | E302: 750 | F302: 0 | G302: 0 | H302: 0 | I302: 0 | J302: 550000 | K302: 550000 | L302: زرد | M302: سکه | P302: =IF(OR(COUNTIF('ثبت لیبل'!$B$11:$B$1010,TRIM(LEFT(C302,FIND("-",C302&"-")-1)))>0,COUNTIF('ثبت لیبل'!$B$11:$B$1010,SUBSTITUTE(TRIM(LEFT(C302,FIND("-",C302&"-")-1)),"GD",""))>0),"موجود","")
A303: 302 | B303: سکه پارسیان | C303: GD01001727 - پارسیان | D303: 0.25 | E303: 750 | F303: 0 | G303: 0 | H303: 0 | I303: 0 | J303: 550000 | K303: 550000 | L303: زرد | M303: سکه | P303: =IF(OR(COUNTIF('ثبت لیبل'!$B$11:$B$1010,TRIM(LEFT(C303,FIND("-",C303&"-")-1)))>0,COUNTIF('ثبت لیبل'!$B$11:$B$1010,SUBSTITUTE(TRIM(LEFT(C303,FIND("-",C303&"-")-1)),"GD",""))>0),"موجود","")
A304: 303 | B304: سکه پارسیان | C304: GD01001708 - پارسیان | D304: 0.5 | E304: 750 | F304: 0 | G304: 0 | H304: 0 | I304: 0 | J304: 550000 | K304: 550000 | L304: زرد | M304: سکه | P304: =IF(OR(COUNTIF('ثبت لیبل'!$B$11:$B$1010,TRIM(LEFT(C304,FIND("-",C304&"-")-1)))>0,COUNTIF('ثبت لیبل'!$B$11:$B$1010,SUBSTITUTE(TRIM(LEFT(C304,FIND("-",C304&"-")-1)),"GD",""))>0),"موجود","")
A305: 304 | B305: سکه پارسیان | C305: GD01001709 - پارسیان | D305: 0.5 | E305: 750 | F305: 0 | G305: 0 | H305: 0 | I305: 0 | J305: 550000 | K305: 550000 | L305: زرد | M305: سکه | P305: =IF(OR(COUNTIF('ثبت لیبل'!$B$11:$B$1010,TRIM(LEFT(C305,FIND("-",C305&"-")-1)))>0,COUNTIF('ثبت لیبل'!$B$11:$B$1010,SUBSTITUTE(TRIM(LEFT(C305,FIND("-",C305&"-")-1)),"GD",""))>0),"موجود","")
A306: 305 | B306: سکه پارسیان | C306: GD01001711 - پارسیان | D306: 0.5 | E306: 750 | F306: 0 | G306: 0 | H306: 0 | I306: 0 | J306: 550000 | K306: 550000 | L306: زرد | M306: سکه | P306: =IF(OR(COUNTIF('ثبت لیبل'!$B$11:$B$1010,TRIM(LEFT(C306,FIND("-",C306&"-")-1)))>0,COUNTIF('ثبت لیبل'!$B$11:$B$1010,SUBSTITUTE(TRIM(LEFT(C306,FIND("-",C306&"-")-1)),"GD",""))>0),"موجود","")
A307: 306 | B307: سکه پارسیان | C307: GD01001712 - پارسیان | D307: 0.5 | E307: 750 | F307: 0 | G307: 0 | H307: 0 | I307: 0 | J307: 550000 | K307: 550000 | L307: زرد | M307: سکه | P307: =IF(OR(COUNTIF('ثبت لیبل'!$B$11:$B$1010,TRIM(LEFT(C307,FIND("-",C307&"-")-1)))>0,COUNTIF('ثبت لیبل'!$B$11:$B$1010,SUBSTITUTE(TRIM(LEFT(C307,FIND("-",C307&"-")-1)),"GD",""))>0),"موجود","")
A308: 307 | B308: سکه پارسیان | C308: GD01001713 - پارسیان | D308: 0.5 | E308: 750 | F308: 0 | G308: 0 | H308: 0 | I308: 0 | J308: 550000 | K308: 550000 | L308: زرد | M308: سکه | P308: =IF(OR(COUNTIF('ثبت لیبل'!$B$11:$B$1010,TRIM(LEFT(C308,FIND("-",C308&"-")-1)))>0,COUNTIF('ثبت لیبل'!$B$11:$B$1010,SUBSTITUTE(TRIM(LEFT(C308,FIND("-",C308&"-")-1)),"GD",""))>0),"موجود","")
A309: 308 | B309: سکه پارسیان | C309: GD01001715 - پارسیان | D309: 0.5 | E309: 750 | F309: 0 | G309: 0 | H309: 0 | I309: 0 | J309: 550000 | K309: 550000 | L309: زرد | M309: سکه | P309: =IF(OR(COUNTIF('ثبت لیبل'!$B$11:$B$1010,TRIM(LEFT(C309,FIND("-",C309&"-")-1)))>0,COUNTIF('ثبت لیبل'!$B$11:$B$1010,SUBSTITUTE(TRIM(LEFT(C309,FIND("-",C309&"-")-1)),"GD",""))>0),"موجود","")
A310: 309 | B310: سکه پارسیان | C310: GD01001714 - پارسیان | D310: 0.5 | E310: 750 | F310: 0 | G310: 0 | H310: 0 | I310: 0 | J310: 550000 | K310: 550000 | L310: زرد | M310: سکه | P310: =IF(OR(COUNTIF('ثبت لیبل'!$B$11:$B$1010,TRIM(LEFT(C310,FIND("-",C310&"-")-1)))>0,COUNTIF('ثبت لیبل'!$B$11:$B$1010,SUBSTITUTE(TRIM(LEFT(C310,FIND("-",C310&"-")-1)),"GD",""))>0),"موجود","")
A311: 310 | B311: سکه پارسیان | C311: GD01001718 - پارسیان | D311: 0.2 | E311: 750 | F311: 0 | G311: 0 | H311: 0 | I311: 0 | J311: 550000 | K311: 550000 | L311: زرد | M311: سکه | P311: =IF(OR(COUNTIF('ثبت لیبل'!$B$11:$B$1010,TRIM(LEFT(C311,FIND("-",C311&"-")-1)))>0,COUNTIF('ثبت لیبل'!$B$11:$B$1010,SUBSTITUTE(TRIM(LEFT(C311,FIND("-",C311&"-")-1)),"GD",""))>0),"موجود","")
A312: 311 | B312: سکه پارسیان | C312: GD01001717 - پارسیان | D312: 0.2 | E312: 750 | F312: 0 | G312: 0 | H312: 0 | I312: 0 | J312: 550000 | K312: 550000 | L312: زرد | M312: سکه | P312: =IF(OR(COUNTIF('ثبت لیبل'!$B$11:$B$1010,TRIM(LEFT(C312,FIND("-",C312&"-")-1)))>0,COUNTIF('ثبت لیبل'!$B$11:$B$1010,SUBSTITUTE(TRIM(LEFT(C312,FIND("-",C312&"-")-1)),"GD",""))>0),"موجود","")
A313: 312 | B313: سکه پارسیان | C313: GD01001716 - پارسیان | D313: 0.2 | E313: 750 | F313: 0 | G313: 0 | H313: 0 | I313: 0 | J313: 550000 | K313: 550000 | L313: زرد | M313: سکه | P313: =IF(OR(COUNTIF('ثبت لیبل'!$B$11:$B$1010,TRIM(LEFT(C313,FIND("-",C313&"-")-1)))>0,COUNTIF('ثبت لیبل'!$B$11:$B$1010,SUBSTITUTE(TRIM(LEFT(C313,FIND("-",C313&"-")-1)),"GD",""))>0),"موجود","")
A314: 313 | B314: وزنی | C314: GD02001489 - طنابی کنیک | D314: 1.76 | E314: 750 | F314: 19 | H314: 0 | J314: 0 | L314: زرد | M314: گردنبند | P314: =IF(OR(COUNTIF('ثبت لیبل'!$B$11:$B$1010,TRIM(LEFT(C314,FIND("-",C314&"-")-1)))>0,COUNTIF('ثبت لیبل'!$B$11:$B$1010,SUBSTITUTE(TRIM(LEFT(C314,FIND("-",C314&"-")-1)),"GD",""))>0),"موجود","")
A315: 314 | B315: وزنی | C315: GD02001492 - طنابی کنیک | D315: 0.46 | E315: 750 | F315: 19 | G315: 19 | H315: 0 | I315: 0 | J315: 0 | K315: 0 | L315: زرد | M315: دستبند | P315: =IF(OR(COUNTIF('ثبت لیبل'!$B$11:$B$1010,TRIM(LEFT(C315,FIND("-",C315&"-")-1)))>0,COUNTIF('ثبت لیبل'!$B$11:$B$1010,SUBSTITUTE(TRIM(LEFT(C315,FIND("-",C315&"-")-1)),"GD",""))>0),"موجود","")
A316: 315 | B316: وزنی | C316: GD02001490 - طنابی کنیک | D316: 0.94 | E316: 750 | F316: 19 | H316: 0 | J316: 0 | L316: زرد | M316: دستبند | P316: =IF(OR(COUNTIF('ثبت لیبل'!$B$11:$B$1010,TRIM(LEFT(C316,FIND("-",C316&"-")-1)))>0,COUNTIF('ثبت لیبل'!$B$11:$B$1010,SUBSTITUTE(TRIM(LEFT(C316,FIND("-",C316&"-")-1)),"GD",""))>0),"موجود","")
A317: 316 | B317: وزنی | C317: GD02001493 - طنابی کنیک | D317: 0.47 | E317: 750 | F317: 19 | G317: 19 | H317: 0 | I317: 0 | J317: 0 | K317: 0 | L317: زرد | M317: دستبند | P317: =IF(OR(COUNTIF('ثبت لیبل'!$B$11:$B$1010,TRIM(LEFT(C317,FIND("-",C317&"-")-1)))>0,COUNTIF('ثبت لیبل'!$B$11:$B$1010,SUBSTITUTE(TRIM(LEFT(C317,FIND("-",C317&"-")-1)),"GD",""))>0),"موجود","")
A318: 317 | B318: وزنی | C318: GD02001491 - طنابی کنیک | D318: 0.94 | E318: 750 | F318: 19 | G318: 19 | H318: 0 | I318: 0 | J318: 0 | K318: 0 | L318: زرد | M318: دستبند | P318: =IF(OR(COUNTIF('ثبت لیبل'!$B$11:$B$1010,TRIM(LEFT(C318,FIND("-",C318&"-")-1)))>0,COUNTIF('ثبت لیبل'!$B$11:$B$1010,SUBSTITUTE(TRIM(LEFT(C318,FIND("-",C318&"-")-1)),"GD",""))>0),"موجود","")
A319: 318 | B319: وزنی | C319: GD02001463 - ورساچه | D319: 4.93 | E319: 750 | F319: 12 | G319: 12 | H319: 0 | I319: 0 | J319: 0 | K319: 0 | L319: زرد | M319: گوشواره | P319: =IF(OR(COUNTIF('ثبت لیبل'!$B$11:$B$1010,TRIM(LEFT(C319,FIND("-",C319&"-")-1)))>0,COUNTIF('ثبت لیبل'!$B$11:$B$1010,SUBSTITUTE(TRIM(LEFT(C319,FIND("-",C319&"-")-1)),"GD",""))>0),"موجود","")
A320: 319 | B320: وزنی | C320: GD02001481 - ونکلیف تراش | D320: 1.24 | E320: 750 | F320: 12 | G320: 12 | H320: 0 | I320: 0 | J320: 0 | K320: 0 | L320: زرد | M320: انگشتر | P320: =IF(OR(COUNTIF('ثبت لیبل'!$B$11:$B$1010,TRIM(LEFT(C320,FIND("-",C320&"-")-1)))>0,COUNTIF('ثبت لیبل'!$B$11:$B$1010,SUBSTITUTE(TRIM(LEFT(C320,FIND("-",C320&"-")-1)),"GD",""))>0),"موجود","")
A321: 320 | B321: وزنی | C321: GD02001482 - ونکلیف تراش | D321: 1.07 | E321: 750 | F321: 12 | G321: 12 | H321: 0 | I321: 0 | J321: 0 | K321: 0 | L321: زرد | M321: انگشتر | P321: =IF(OR(COUNTIF('ثبت لیبل'!$B$11:$B$1010,TRIM(LEFT(C321,FIND("-",C321&"-")-1)))>0,COUNTIF('ثبت لیبل'!$B$11:$B$1010,SUBSTITUTE(TRIM(LEFT(C321,FIND("-",C321&"-")-1)),"GD",""))>0),"موجود","")
A322: 321 | B322: وزنی | C322: GD02001479 - ونکلیف تراش | D322: 2.04 | E322: 750 | F322: 12 | G322: 12 | H322: 0 | I322: 0 | J322: 0 | K322: 0 | L322: زرد | M322: انگشتر | P322: =IF(OR(COUNTIF('ثبت لیبل'!$B$11:$B$1010,TRIM(LEFT(C322,FIND("-",C322&"-")-1)))>0,COUNTIF('ثبت لیبل'!$B$11:$B$1010,SUBSTITUTE(TRIM(LEFT(C322,FIND("-",C322&"-")-1)),"GD",""))>0),"موجود","")
A323: 322 | B323: وزنی | C323: GD02001468 - نور | D323: 3.35 | E323: 750 | F323: 16 | G323: 16 | H323: 0 | I323: 0 | J323: 0 | K323: 0 | L323: سفید | M323: حلقه | P323: =IF(OR(COUNTIF('ثبت لیبل'!$B$11:$B$1010,TRIM(LEFT(C323,FIND("-",C323&"-")-1)))>0,COUNTIF('ثبت لیبل'!$B$11:$B$1010,SUBSTITUTE(TRIM(LEFT(C323,FIND("-",C323&"-")-1)),"GD",""))>0),"موجود","")
A324: 323 | B324: وزنی | C324: GD02001467 - ورساچه | D324: 4.26 | E324: 750 | F324: 12 | G324: 12 | H324: 0 | I324: 0 | J324: 0 | K324: 0 | L324: زرد | M324: مدال | P324: =IF(OR(COUNTIF('ثبت لیبل'!$B$11:$B$1010,TRIM(LEFT(C324,FIND("-",C324&"-")-1)))>0,COUNTIF('ثبت لیبل'!$B$11:$B$1010,SUBSTITUTE(TRIM(LEFT(C324,FIND("-",C324&"-")-1)),"GD",""))>0),"موجود","")
A325: 324 | B325: وزنی | C325: GD02001475 - فیوژن | D325: 1.17 | E325: 750 | F325: 12 | G325: 12 | H325: 0 | I325: 0 | J325: 0 | K325: 0 | L325: زرد | M325: انگشتر | P325: =IF(OR(COUNTIF('ثبت لیبل'!$B$11:$B$1010,TRIM(LEFT(C325,FIND("-",C325&"-")-1)))>0,COUNTIF('ثبت لیبل'!$B$11:$B$1010,SUBSTITUTE(TRIM(LEFT(C325,FIND("-",C325&"-")-1)),"GD",""))>0),"موجود","")
A326: 325 | B326: وزنی | C326: GD02001487 - ونکلیف سنگ | D326: 1.45 | E326: 750 | F326: 12 | G326: 12 | H326: 0 | I326: 0 | J326: 0 | K326: 0 | L326: دورنگ | M326: انگشتر | P326: =IF(OR(COUNTIF('ثبت لیبل'!$B$11:$B$1010,TRIM(LEFT(C326,FIND("-",C326&"-")-1)))>0,COUNTIF('ثبت لیبل'!$B$11:$B$1010,SUBSTITUTE(TRIM(LEFT(C326,FIND("-",C326&"-")-1)),"GD",""))>0),"موجود","")
A327: 326 | B327: وزنی | C327: GD02001320 - مینیمال | D327: 1.31 | E327: 750 | F327: 11 | G327: 11 | H327: 0 | I327: 0 | J327: 0 | K327: 0 | L327: زرد | M327: انگشتر | P327: =IF(OR(COUNTIF('ثبت لیبل'!$B$11:$B$1010,TRIM(LEFT(C327,FIND("-",C327&"-")-1)))>0,COUNTIF('ثبت لیبل'!$B$11:$B$1010,SUBSTITUTE(TRIM(LEFT(C327,FIND("-",C327&"-")-1)),"GD",""))>0),"موجود","")
A328: 327 | B328: وزنی | C328: GD02001315 - گیتی | D328: 2.02 | E328: 750 | F328: 12 | G328: 12 | H328: 0 | I328: 0 | J328: 0 | K328: 0 | L328: زرد | M328: انگشتر | P328: =IF(OR(COUNTIF('ثبت لیبل'!$B$11:$B$1010,TRIM(LEFT(C328,FIND("-",C328&"-")-1)))>0,COUNTIF('ثبت لیبل'!$B$11:$B$1010,SUBSTITUTE(TRIM(LEFT(C328,FIND("-",C328&"-")-1)),"GD",""))>0),"موجود","")
... A413: 412 | B413: وزنی | C413: GD02001252 - رولکس | D413: 12.79 | E413: 750 | F413: 18 | G413: 18 | H413: 0 | I413: 0 | J413: 0 | K413: 0 | L413: دورنگ | M413: دستبند | P413: =IF(OR(COUNTIF('ثبت لیبل'!$B$11:$B$1010,TRIM(LEFT(C413,FIND("-",C413&"-")-1)))>0,COUNTIF('ثبت لیبل'!$B$11:$B$1010,SUBSTITUTE(TRIM(LEFT(C413,FIND("-",C413&"-")-1)),"GD",""))>0),"موجود","")
A414: 413 | B414: وزنی | C414: GD02001220 - ونکلیف | D414: 2.18 | E414: 750 | F414: 11 | H414: 0 | J414: 0 | L414: دورنگ | M414: دستبند | P414: =IF(OR(COUNTIF('ثبت لیبل'!$B$11:$B$1010,TRIM(LEFT(C414,FIND("-",C414&"-")-1)))>0,COUNTIF('ثبت لیبل'!$B$11:$B$1010,SUBSTITUTE(TRIM(LEFT(C414,FIND("-",C414&"-")-1)),"GD",""))>0),"موجود","")
A415: 414 | B415: وزنی | C415: GD02001219 - ونکلیف | D415: 2.95 | E415: 750 | F415: 11 | H415: 0 | J415: 0 | L415: دورنگ | M415: دستبند | P415: =IF(OR(COUNTIF('ثبت لیبل'!$B$11:$B$1010,TRIM(LEFT(C415,FIND("-",C415&"-")-1)))>0,COUNTIF('ثبت لیبل'!$B$11:$B$1010,SUBSTITUTE(TRIM(LEFT(C415,FIND("-",C415&"-")-1)),"GD",""))>0),"موجود","")
A416: 415 | B416: وزنی | C416: GD02001256 - ونکلیف سنگ | D416: 1.47 | E416: 750 | F416: 12 | G416: 12 | H416: 0 | I416: 0 | J416: 0 | K416: 0 | L416: دورنگ | M416: نیم ست | P416: =IF(OR(COUNTIF('ثبت لیبل'!$B$11:$B$1010,TRIM(LEFT(C416,FIND("-",C416&"-")-1)))>0,COUNTIF('ثبت لیبل'!$B$11:$B$1010,SUBSTITUTE(TRIM(LEFT(C416,FIND("-",C416&"-")-1)),"GD",""))>0),"موجود","")
A417: 416 | B417: وزنی | C417: GD02001255 - ونکلیف سنگ | D417: 1.5 | E417: 750 | F417: 12 | G417: 12 | H417: 0 | I417: 0 | J417: 0 | K417: 0 | L417: دورنگ | M417: نیم ست | P417: =IF(OR(COUNTIF('ثبت لیبل'!$B$11:$B$1010,TRIM(LEFT(C417,FIND("-",C417&"-")-1)))>0,COUNTIF('ثبت لیبل'!$B$11:$B$1010,SUBSTITUTE(TRIM(LEFT(C417,FIND("-",C417&"-")-1)),"GD",""))>0),"موجود","")
A418: 417 | B418: وزنی | C418: GD02001224 - ایران | D418: 0.49 | E418: 750 | F418: 12 | H418: 0 | J418: 0 | L418: زرد | M418: مدال | P418: =IF(OR(COUNTIF('ثبت لیبل'!$B$11:$B$1010,TRIM(LEFT(C418,FIND("-",C418&"-")-1)))>0,COUNTIF('ثبت لیبل'!$B$11:$B$1010,SUBSTITUTE(TRIM(LEFT(C418,FIND("-",C418&"-")-1)),"GD",""))>0),"موجود","")
A419: 418 | B419: وزنی | C419: GD02001222 - ایران | D419: 0.8 | E419: 750 | F419: 12 | H419: 0 | J419: 0 | L419: زرد | M419: مدال | P419: =IF(OR(COUNTIF('ثبت لیبل'!$B$11:$B$1010,TRIM(LEFT(C419,FIND("-",C419&"-")-1)))>0,COUNTIF('ثبت لیبل'!$B$11:$B$1010,SUBSTITUTE(TRIM(LEFT(C419,FIND("-",C419&"-")-1)),"GD",""))>0),"موجود","")
A420: 419 | B420: وزنی | C420: GD02001228 - شیر و خورشید | D420: 0.81 | E420: 750 | F420: 12 | G420: 12 | H420: 0 | I420: 0 | J420: 0 | K420: 0 | L420: زرد | M420: مدال | P420: =IF(OR(COUNTIF('ثبت لیبل'!$B$11:$B$1010,TRIM(LEFT(C420,FIND("-",C420&"-")-1)))>0,COUNTIF('ثبت لیبل'!$B$11:$B$1010,SUBSTITUTE(TRIM(LEFT(C420,FIND("-",C420&"-")-1)),"GD",""))>0),"موجود","")
A421: 420 | B421: وزنی | C421: GD02001227 - شیر و خورشید | D421: 1.33 | E421: 750 | F421: 12 | G421: 12 | H421: 0 | I421: 0 | J421: 0 | K421: 0 | L421: زرد | M421: مدال | P421: =IF(OR(COUNTIF('ثبت لیبل'!$B$11:$B$1010,TRIM(LEFT(C421,FIND("-",C421&"-")-1)))>0,COUNTIF('ثبت لیبل'!$B$11:$B$1010,SUBSTITUTE(TRIM(LEFT(C421,FIND("-",C421&"-")-1)),"GD",""))>0),"موجود","")
A422: 421 | B422: وزنی | C422: GD02001232 - سان گلد | D422: 1.3 | E422: 750 | F422: 12 | G422: 12 | H422: 0 | I422: 0 | J422: 0 | K422: 0 | L422: زرد | M422: دستبند | P422: =IF(OR(COUNTIF('ثبت لیبل'!$B$11:$B$1010,TRIM(LEFT(C422,FIND("-",C422&"-")-1)))>0,COUNTIF('ثبت لیبل'!$B$11:$B$1010,SUBSTITUTE(TRIM(LEFT(C422,FIND("-",C422&"-")-1)),"GD",""))>0),"موجود","")
A423: 422 | B423: وزنی | C423: GD02001230 - سان گلد | D423: 1.01 | E423: 750 | F423: 12 | G423: 12 | H423: 0 | I423: 0 | J423: 0 | K423: 0 | L423: زرد | M423: دستبند | P423: =IF(OR(COUNTIF('ثبت لیبل'!$B$11:$B$1010,TRIM(LEFT(C423,FIND("-",C423&"-")-1)))>0,COUNTIF('ثبت لیبل'!$B$11:$B$1010,SUBSTITUTE(TRIM(LEFT(C423,FIND("-",C423&"-")-1)),"GD",""))>0),"موجود","")
A424: 423 | B424: وزنی | C424: GD02001229 - سان گلد | D424: 1.08 | E424: 750 | F424: 12 | G424: 12 | H424: 0 | I424: 0 | J424: 0 | K424: 0 | L424: زرد | M424: دستبند | P424: =IF(OR(COUNTIF('ثبت لیبل'!$B$11:$B$1010,TRIM(LEFT(C424,FIND("-",C424&"-")-1)))>0,COUNTIF('ثبت لیبل'!$B$11:$B$1010,SUBSTITUTE(TRIM(LEFT(C424,FIND("-",C424&"-")-1)),"GD",""))>0),"موجود","")
A425: 424 | B425: وزنی | C425: GD02001217 - مروارید | D425: 1.08 | E425: 750 | F425: 13 | G425: 13 | H425: 0 | I425: 0 | J425: 0 | K425: 0 | L425: زرد | M425: دستبند | P425: =IF(OR(COUNTIF('ثبت لیبل'!$B$11:$B$1010,TRIM(LEFT(C425,FIND("-",C425&"-")-1)))>0,COUNTIF('ثبت لیبل'!$B$11:$B$1010,SUBSTITUTE(TRIM(LEFT(C425,FIND("-",C425&"-")-1)),"GD",""))>0),"موجود","")
A426: 425 | B426: وزنی | C426: GD02001236 - گیتی کارتیه | D426: 1.3 | E426: 750 | F426: 12 | G426: 12 | H426: 0 | I426: 0 | J426: 0 | K426: 0 | L426: زرد | M426: انگشتر | P426: =IF(OR(COUNTIF('ثبت لیبل'!$B$11:$B$1010,TRIM(LEFT(C426,FIND("-",C426&"-")-1)))>0,COUNTIF('ثبت لیبل'!$B$11:$B$1010,SUBSTITUTE(TRIM(LEFT(C426,FIND("-",C426&"-")-1)),"GD",""))>0),"موجود","")
A427: 426 | B427: وزنی | C427: GD02001238 - گیتی کارتیه | D427: 1.79 | E427: 750 | F427: 12 | G427: 12 | H427: 0 | I427: 0 | J427: 0 | K427: 0 | L427: زرد | M427: انگشتر | P427: =IF(OR(COUNTIF('ثبت لیبل'!$B$11:$B$1010,TRIM(LEFT(C427,FIND("-",C427&"-")-1)))>0,COUNTIF('ثبت لیبل'!$B$11:$B$1010,SUBSTITUTE(TRIM(LEFT(C427,FIND("-",C427&"-")-1)),"GD",""))>0),"موجود","")
A428: 427 | B428: وزنی | C428: GD02001249 - قلب دفورمه | D428: 1.46 | E428: 750 | F428: 13 | H428: 0 | J428: 0 | L428: زرد | M428: مدال | P428: =IF(OR(COUNTIF('ثبت لیبل'!$B$11:$B$1010,TRIM(LEFT(C428,FIND("-",C428&"-")-1)))>0,COUNTIF('ثبت لیبل'!$B$11:$B$1010,SUBSTITUTE(TRIM(LEFT(C428,FIND("-",C428&"-")-1)),"GD",""))>0),"موجود","")
A429: 428 | B429: وزنی | C429: GD02001243 - مینیمال | D429: 0.73 | E429: 750 | F429: 11 | G429: 11 | H429: 0 | I429: 0 | J429: 0 | K429: 0 | L429: زرد | M429: انگشتر | P429: =IF(OR(COUNTIF('ثبت لیبل'!$B$11:$B$1010,TRIM(LEFT(C429,FIND("-",C429&"-")-1)))>0,COUNTIF('ثبت لیبل'!$B$11:$B$1010,SUBSTITUTE(TRIM(LEFT(C429,FIND("-",C429&"-")-1)),"GD",""))>0),"موجود","")
A430: 429 | B430: وزنی | C430: GD02001244 - ورساچه | D430: 1.1 | E430: 750 | F430: 14 | G430: 14 | H430: 0 | I430: 0 | J430: 0 | K430: 0 | L430: زرد | M430: مدال | P430: =IF(OR(COUNTIF('ثبت لیبل'!$B$11:$B$1010,TRIM(LEFT(C430,FIND("-",C430&"-")-1)))>0,COUNTIF('ثبت لیبل'!$B$11:$B$1010,SUBSTITUTE(TRIM(LEFT(C430,FIND("-",C430&"-")-1)),"GD",""))>0),"موجود","")
A431: 430 | B431: وزنی | C431: GD02001248 - قلب دفورمه | D431: 1 | E431: 750 | F431: 13 | H431: 0 | J431: 0 | L431: زرد | M431: مدال | P431: =IF(OR(COUNTIF('ثبت لیبل'!$B$11:$B$1010,TRIM(LEFT(C431,FIND("-",C431&"-")-1)))>0,COUNTIF('ثبت لیبل'!$B$11:$B$1010,SUBSTITUTE(TRIM(LEFT(C431,FIND("-",C431&"-")-1)),"GD",""))>0),"موجود","")
A432: 431 | B432: وزنی | C432: GD02001242 - مینیمال | D432: 0.95 | E432: 750 | F432: 11 | G432: 11 | H432: 0 | I432: 0 | J432: 0 | K432: 0 | L432: زرد | M432: انگشتر | P432: =IF(OR(COUNTIF('ثبت لیبل'!$B$11:$B$1010,TRIM(LEFT(C432,FIND("-",C432&"-")-1)))>0,COUNTIF('ثبت لیبل'!$B$11:$B$1010,SUBSTITUTE(TRIM(LEFT(C432,FIND("-",C432&"-")-1)),"GD",""))>0),"موجود","")
A433: 432 | B433: وزنی | C433: GD02001240 - مینیمال | D433: 0.92 | E433: 750 | F433: 11 | G433: 11 | H433: 0 | I433: 0 | J433: 0 | K433: 0 | L433: زرد | M433: انگشتر | P433: =IF(OR(COUNTIF('ثبت لیبل'!$B$11:$B$1010,TRIM(LEFT(C433,FIND("-",C433&"-")-1)))>0,COUNTIF('ثبت لیبل'!$B$11:$B$1010,SUBSTITUTE(TRIM(LEFT(C433,FIND("-",C433&"-")-1)),"GD",""))>0),"موجود","")
A434: 433 | B434: وزنی | C434: GD02001239 - مینیمال | D434: 0.7 | E434: 750 | F434: 11 | G434: 11 | H434: 0 | I434: 0 | J434: 0 | K434: 0 | L434: زرد | M434: انگشتر | P434: =IF(OR(COUNTIF('ثبت لیبل'!$B$11:$B$1010,TRIM(LEFT(C434,FIND("-",C434&"-")-1)))>0,COUNTIF('ثبت لیبل'!$B$11:$B$1010,SUBSTITUTE(TRIM(LEFT(C434,FIND("-",C434&"-")-1)),"GD",""))>0),"موجود","")
A435: 434 | B435: وزنی | C435: GD02001241 - مینیمال | D435: 0.98 | E435: 750 | F435: 11 | G435: 11 | H435: 0 | I435: 0 | J435: 0 | K435: 0 | L435: زرد | M435: انگشتر | P435: =IF(OR(COUNTIF('ثبت لیبل'!$B$11:$B$1010,TRIM(LEFT(C435,FIND("-",C435&"-")-1)))>0,COUNTIF('ثبت لیبل'!$B$11:$B$1010,SUBSTITUTE(TRIM(LEFT(C435,FIND("-",C435&"-")-1)),"GD",""))>0),"موجود","")
A436: 435 | B436: سکه پارسیان | C436: GD01001203 - پارسیان | D436: 0.8 | E436: 750 | F436: 0 | G436: 0 | H436: 0 | I436: 0 | J436: 484000 | K436: 1064800 | L436: زرد | M436: سکه | P436: =IF(OR(COUNTIF('ثبت لیبل'!$B$11:$B$1010,TRIM(LEFT(C436,FIND("-",C436&"-")-1)))>0,COUNTIF('ثبت لیبل'!$B$11:$B$1010,SUBSTITUTE(TRIM(LEFT(C436,FIND("-",C436&"-")-1)),"GD",""))>0),"موجود","")
A437: 436 | B437: سکه پارسیان | C437: GD01001194 - پارسیان | D437: 0.3 | E437: 750 | F437: 0 | G437: 0 | H437: 0 | I437: 0 | J437: 484000 | K437: 1064800 | L437: زرد | M437: سکه | P437: =IF(OR(COUNTIF('ثبت لیبل'!$B$11:$B$1010,TRIM(LEFT(C437,FIND("-",C437&"-")-1)))>0,COUNTIF('ثبت لیبل'!$B$11:$B$1010,SUBSTITUTE(TRIM(LEFT(C437,FIND("-",C437&"-")-1)),"GD",""))>0),"موجود","")
A438: 437 | B438: سکه پارسیان | C438: GD01001192 - پارسیان | D438: 0.3 | E438: 750 | F438: 0 | G438: 0 | H438: 0 | I438: 0 | J438: 484000 | K438: 1064800 | L438: زرد | M438: سکه | P438: =IF(OR(COUNTIF('ثبت لیبل'!$B$11:$B$1010,TRIM(LEFT(C438,FIND("-",C438&"-")-1)))>0,COUNTIF('ثبت لیبل'!$B$11:$B$1010,SUBSTITUTE(TRIM(LEFT(C438,FIND("-",C438&"-")-1)),"GD",""))>0),"موجود","")
A439: 438 | B439: سکه پارسیان | C439: GD01001191 - پارسیان | D439: 0.3 | E439: 750 | F439: 0 | G439: 0 | H439: 0 | I439: 0 | J439: 484000 | K439: 1064800 | L439: زرد | M439: سکه | P439: =IF(OR(COUNTIF('ثبت لیبل'!$B$11:$B$1010,TRIM(LEFT(C439,FIND("-",C439&"-")-1)))>0,COUNTIF('ثبت لیبل'!$B$11:$B$1010,SUBSTITUTE(TRIM(LEFT(C439,FIND("-",C439&"-")-1)),"GD",""))>0),"موجود","")
A440: 439 | B440: سکه پارسیان | C440: GD01001190 - پارسیان | D440: 0.2 | E440: 750 | F440: 0 | G440: 0 | H440: 0 | I440: 0 | J440: 484000 | K440: 1064800 | L440: زرد | M440: سکه | P440: =IF(OR(COUNTIF('ثبت لیبل'!$B$11:$B$1010,TRIM(LEFT(C440,FIND("-",C440&"-")-1)))>0,COUNTIF('ثبت لیبل'!$B$11:$B$1010,SUBSTITUTE(TRIM(LEFT(C440,FIND("-",C440&"-")-1)),"GD",""))>0),"موجود","")
A441: 440 | B441: سکه پارسیان | C441: GD01001206 - پارسیان | D441: 1.5 | E441: 750 | F441: 0 | G441: 0 | H441: 0 | I441: 0 | J441: 484000 | K441: 1064800 | L441: زرد | M441: سکه | P441: =IF(OR(COUNTIF('ثبت لیبل'!$B$11:$B$1010,TRIM(LEFT(C441,FIND("-",C441&"-")-1)))>0,COUNTIF('ثبت لیبل'!$B$11:$B$1010,SUBSTITUTE(TRIM(LEFT(C441,FIND("-",C441&"-")-1)),"GD",""))>0),"موجود","")
A442: 441 | B442: وزنی | C442: GD02001097 - ارغوان | D442: 1.92 | E442: 750 | F442: 13 | G442: 19 | H442: 0 | I442: 0 | J442: 0 | K442: 0 | L442: زرد | M442: دستبند | P442: =IF(OR(COUNTIF('ثبت لیبل'!$B$11:$B$1010,TRIM(LEFT(C442,FIND("-",C442&"-")-1)))>0,COUNTIF('ثبت لیبل'!$B$11:$B$1010,SUBSTITUTE(TRIM(LEFT(C442,FIND("-",C442&"-")-1)),"GD",""))>0),"موجود","")
A443: 442 | B443: وزنی | C443: GD02001098 - ارغوان | D443: 2 | E443: 750 | F443: 13 | G443: 19 | H443: 0 | I443: 0 | J443: 0 | K443: 0 | L443: زرد | M443: دستبند | P443: =IF(OR(COUNTIF('ثبت لیبل'!$B$11:$B$1010,TRIM(LEFT(C443,FIND("-",C443&"-")-1)))>0,COUNTIF('ثبت لیبل'!$B$11:$B$1010,SUBSTITUTE(TRIM(LEFT(C443,FIND("-",C443&"-")-1)),"GD",""))>0),"موجود","")
A444: 443 | B444: وزنی | C444: GD02001141 - ونکلیف تراش | D444: 2.53 | E444: 750 | F444: 10 | H444: 0 | J444: 0 | L444: زرد | M444: دستبند | P444: =IF(OR(COUNTIF('ثبت لیبل'!$B$11:$B$1010,TRIM(LEFT(C444,FIND("-",C444&"-")-1)))>0,COUNTIF('ثبت لیبل'!$B$11:$B$1010,SUBSTITUTE(TRIM(LEFT(C444,FIND("-",C444&"-")-1)),"GD",""))>0),"موجود","")
A445: 444 | B445: وزنی | C445: GD02001133 - ونکلیف سنگ | D445: 2.36 | E445: 750 | F445: 10 | H445: 0 | J445: 0 | L445: دورنگ | M445: دستبند | P445: =IF(OR(COUNTIF('ثبت لیبل'!$B$11:$B$1010,TRIM(LEFT(C445,FIND("-",C445&"-")-1)))>0,COUNTIF('ثبت لیبل'!$B$11:$B$1010,SUBSTITUTE(TRIM(LEFT(C445,FIND("-",C445&"-")-1)),"GD",""))>0),"موجود","")
A446: 445 | B446: وزنی | C446: GD02001132 - ونکلیف سنگ | D446: 1.71 | E446: 750 | F446: 10 | G446: 16 | H446: 0 | I446: 0 | J446: 0 | K446: 0 | L446: دورنگ | M446: دستبند | P446: =IF(OR(COUNTIF('ثبت لیبل'!$B$11:$B$1010,TRIM(LEFT(C446,FIND("-",C446&"-")-1)))>0,COUNTIF('ثبت لیبل'!$B$11:$B$1010,SUBSTITUTE(TRIM(LEFT(C446,FIND("-",C446&"-")-1)),"GD",""))>0),"موجود","")
A447: 446 | B447: وزنی | C447: GD02001099 - ارغوان | D447: 2.52 | E447: 750 | F447: 13 | G447: 19 | H447: 0 | I447: 0 | J447: 0 | K447: 0 | L447: زرد | M447: دستبند | P447: =IF(OR(COUNTIF('ثبت لیبل'!$B$11:$B$1010,TRIM(LEFT(C447,FIND("-",C447&"-")-1)))>0,COUNTIF('ثبت لیبل'!$B$11:$B$1010,SUBSTITUTE(TRIM(LEFT(C447,FIND("-",C447&"-")-1)),"GD",""))>0),"موجود","")
A448: 447 | B448: وزنی | C448: GD02001152 - زر | D448: 2.31 | E448: 750 | F448: 12 | G448: 18 | H448: 0 | I448: 0 | J448: 0 | K448: 0 | L448: زرد | M448: گردنبند | P448: =IF(OR(COUNTIF('ثبت لیبل'!$B$11:$B$1010,TRIM(LEFT(C448,FIND("-",C448&"-")-1)))>0,COUNTIF('ثبت لیبل'!$B$11:$B$1010,SUBSTITUTE(TRIM(LEFT(C448,FIND("-",C448&"-")-1)),"GD",""))>0),"موجود","")
A449: 448 | B449: وزنی | C449: GD02001138 - ونکلیف تراش | D449: 1.04 | E449: 750 | F449: 10 | G449: 16 | H449: 0 | I449: 0 | J449: 0 | K449: 0 | L449: زرد | M449: نیم ست | P449: =IF(OR(COUNTIF('ثبت لیبل'!$B$11:$B$1010,TRIM(LEFT(C449,FIND("-",C449&"-")-1)))>0,COUNTIF('ثبت لیبل'!$B$11:$B$1010,SUBSTITUTE(TRIM(LEFT(C449,FIND("-",C449&"-")-1)),"GD",""))>0),"موجود","")
...

Sheet ثبت لیبل
A1: ثبت و کنترل شماره لیبل
A2: شماره لیبل را در ستون آبی وارد یا اسکن کنید؛ وضعیت به‌صورت خودکار نمایش داده می‌شود.
B4: خلاصه | C4: تعداد | E4: پنجره جستجو و ثبت لیبل
B5: کل لیبل‌های ثبت‌شده | C5: =COUNTA(B11:B1010) -> 4 | E5: روی دکمه زیر کلیک کرده و شماره لیبل را وارد کنید
B6: موجود | C6: =COUNTIF(C11:C1010,"موجود") -> 2 | E6: ردیف آماده ثبت | F6: {=IFERROR(_xlfn.AGGREGATE(15,6,ROW(B11:B1010)/(B11:B1010=""),1),"ظرفیت تکمیل")} -> 15
B7: مغایرت | C7: =COUNTIF(C11:C1010,"مغایرت") -> 2 | E7: {=IFERROR(HYPERLINK("#'ثبت لیبل'!B"&_xlfn.AGGREGATE(15,6,ROW(B11:B1010)/(B11:B1010=""),1),"ورود / جستجوی شماره لیبل"),"ظرفیت جدول تکمیل است")} -> ورود / جستجوی شماره لیبل
E8: پس از ورود، نتیجه جستجو در همان ردیف ثبت می‌شود
B9: شماره لیبل | C9: نتیجه جستجو
B11: 02002967 | C11: =IF(B11="","",IF(COUNTIF(موجودی!$C$2:$C$839,"*"&B11&"*")>0,"موجود","مغایرت")) -> موجود
B12: GD02002967 | C12: =IF(B12="","",IF(COUNTIF(موجودی!$C$2:$C$839,"*"&B12&"*")>0,"موجود","مغایرت")) -> موجود
B13: 00200 | C13: =IF(B13="","",IF(COUNTIF(موجودی!$C$2:$C$839,"*"&B13&"*")>0,"موجود","مغایرت")) -> مغایرت
B14: 003000 | C14: =IF(B14="","",IF(COUNTIF(موجودی!$C$2:$C$839,"*"&B14&"*")>0,"موجود","مغایرت")) -> مغایرت
C15: =IF(B15="","",IF(COUNTIF(موجودی!$C$2:$C$839,"*"&B15&"*")>0,"موجود","مغایرت"))
C16: =IF(B16="","",IF(COUNTIF(موجودی!$C$2:$C$839,"*"&B16&"*")>0,"موجود","مغایرت"))
C17: =IF(B17="","",IF(COUNTIF(موجودی!$C$2:$C$839,"*"&B17&"*")>0,"موجود","مغایرت"))
C18: =IF(B18="","",IF(COUNTIF(موجودی!$C$2:$C$839,"*"&B18&"*")>0,"موجود","مغایرت"))
C19: =IF(B19="","",IF(COUNTIF(موجودی!$C$2:$C$839,"*"&B19&"*")>0,"موجود","مغایرت"))
C20: =IF(B20="","",IF(COUNTIF(موجودی!$C$2:$C$839,"*"&B20&"*")>0,"موجود","مغایرت"))
C21: =IF(B21="","",IF(COUNTIF(موجودی!$C$2:$C$839,"*"&B21&"*")>0,"موجود","مغایرت"))
C22: =IF(B22="","",IF(COUNTIF(موجودی!$C$2:$C$839,"*"&B22&"*")>0,"موجود","مغایرت"))
C23: =IF(B23="","",IF(COUNTIF(موجودی!$C$2:$C$839,"*"&B23&"*")>0,"موجود","مغایرت"))
C24: =IF(B24="","",IF(COUNTIF(موجودی!$C$2:$C$839,"*"&B24&"*")>0,"موجود","مغایرت"))
C25: =IF(B25="","",IF(COUNTIF(موجودی!$C$2:$C$839,"*"&B25&"*")>0,"موجود","مغایرت"))
C26: =IF(B26="","",IF(COUNTIF(موجودی!$C$2:$C$839,"*"&B26&"*")>0,"موجود","مغایرت"))
... C1010: =IF(B1010="","",IF(COUNTIF(موجودی!$C$2:$C$839,"*"&B1010&"*")>0,"موجود","مغایرت"))

Sheet مغایرت
A1: گزارش مغایرت شماره لیبل
A2: این فهرست به‌صورت خودکار از شماره‌هایی که در موجودی یافت نمی‌شوند، تشکیل می‌شود.
A4: شماره لیبل مغایرت | B4: وضعیت
A5: {=_xlfn._xlws.FILTER('ثبت لیبل'!B11:C1010,'ثبت لیبل'!C11:C1010="مغایرت","مغایرتی ثبت نشده")} -> 00200 | B5: مغایرت
A6: 003000 | B6: مغایرت

Sheet طرح نرم افزار
A1: طرح نرم‌افزار ویندوز مغایرت‌گیری موجودی و لیبل
A2: نسخه پیشنهادی 1.0 | طراحی بر اساس فایل اکسل فعلی | تاریخ طراحی: 1405/07/15
A4: هدف: بارگذاری فایل Excel موجودی، تشخیص خودکار ستون لیبل، ثبت لیبل با بارکدخوان یا فایل، مغایرت‌گیری و خروجی Excel
A6: نوع برنامه | B6: Windows Desktop | D6: روش ورود | E6: اسکن تکی + Excel | G6: تشخیص ستون | H6: خودکار + تأیید کاربر | I6: ذخیره‌سازی | J6: SQLite محلی
A9: گردش کار اصلی نرم‌افزار
A10: مرحله | B10: عملکرد | D10: صفحه | E10: اجزای اصلی | F10: عملیات
A11: 1 | B11: ایجاد پروژه شمارش جدید و انتخاب نام/تاریخ پروژه | D11: خانه | E11: پروژه جدید، پروژه‌های قبلی | F11: ایجاد، بازکردن، حذف نسخه پشتیبان
A12: 2 | B12: بارگذاری فایل Excel موجودی (.xlsx یا .xls) | D12: بارگذاری موجودی | E12: انتخاب فایل، نام شیت، تشخیص ستون | F12: پیش‌نمایش و تأیید
A13: 3 | B13: خواندن سرستون‌ها و تشخیص خودکار ستون دارای کد/محصول/لیبل | D13: شمارش تکی | E13: کادر بزرگ اسکن، آخرین نتیجه، آمار | F13: ثبت با Enter و پخش هشدار
A14: 4 | B14: نمایش نمونه 10 ردیف و دریافت تأیید ستون تشخیص‌داده‌شده | D14: ورود گروهی | E14: انتخاب Excel لیبل‌ها و ستون کد | F14: پاک‌سازی و ورود دسته‌ای
A15: 5 | B15: ثبت لیبل با بارکدخوان/کیبورد یا بارگذاری فایل لیبل‌ها | D15: نتایج | E15: تب موجود، مغایرت، تکراری، شمارش‌نشده | F15: جستجو، فیلتر و مرتب‌سازی
A16: 6 | B16: مقایسه لحظه‌ای و نمایش موجود، مغایرت، تکراری و شمارش‌نشده | D16: گزارش | E16: خلاصه آماری و جزئیات | F16: خروجی Excel و چاپ
A17: 7 | B17: ذخیره پروژه و خروجی گرفتن به Excel | D17: تنظیمات | E17: الگوی کد، حذف پیشوند، صدا، رنگ | F17: ذخیره تنظیمات پیش‌فرض
A20: منطق تشخیص خودکار ستون لیبل
A21: اولویت | B21: روش تشخیص | C21: امتیاز پیشنهادی | E21: قاعده نرمال‌سازی | F21: نمونه ورودی | G21: مقدار مقایسه | H21: رفتار | I21: تنظیم‌پذیر | J21: وضعیت
A22: 1 | B22: نام ستون شامل لیبل، کد، محصول، barcode یا item code | C22: 50 | E22: حذف فاصله ابتدا/انتها | F22: GD02002967 | G22: GD02002967 | H22: خودکار | I22: خیر | J22: فعال
A23: 2 | B23: درصد بالای مقادیر یکتا در ستون | C23: 20 | E23: حذف متن بعد از خط تیره | F23: GD02002967 - میرو | G23: GD02002967 | H23: خودکار | I23: بله | J23: فعال
A24: 3 | B24: وجود الگوی حروف و عدد مانند GD02002967 | C24: 20 | E24: یکسان‌سازی حروف | F24: gd02002967 | G24: GD02002967 | H24: خودکار | I24: خیر | J24: فعال
A25: 4 | B25: وجود جداکننده و کد در ابتدای متن مانند کد - نام محصول | C25: 10 | E25: پشتیبانی بدون پیشوند | F25: 2002967 | G25: GD02002967 | H25: با تنظیم GD | I25: بله | J25: فعال
A26: کنترل | B26: نمایش نمونه و تأیید دستی کاربر قبل از شروع | C26: اجباری | E26: حفظ صفر ابتدایی | F26: 2002967 | G26: 2002967 | H26: متن | I26: خیر | J26: فعال
E27: رد مقدار خالی | G27: ثبت نمی‌شود | H27: هشدار | I27: خیر | J27: فعال
A30: وضعیت‌های مغایرت‌گیری
A31: وضعیت | B31: تعریف | D31: رنگ | E31: رفتار رابط | F31: صدای پیشنهادی
A32: موجود | B32: لیبل ثبت‌شده در فایل موجودی وجود دارد | D32: سبز | E32: نمایش مشخصات کالا و افزایش شمارنده موجود | F32: تأیید کوتاه
A33: مغایرت | B33: لیبل ثبت‌شده در فایل موجودی پیدا نشد | D33: قرمز | E33: ثبت در لیست مغایرت و نمایش هشدار | F33: هشدار
A34: تکراری | B34: یک لیبل بیش از یک بار اسکن یا وارد شده است | D34: نارنجی | E34: عدم افزایش موجود و ثبت دفعات | F34: هشدار دوبل
A35: شمارش‌نشده | B35: کالای موجود در فایل موجودی هنوز اسکن نشده است | D35: خاکستری | E35: فقط در گزارش نهایی | F35: بدون صدا
A36: کد نامعتبر | B36: مقدار با قواعد حداقل طول یا الگوی تعیین‌شده سازگار نیست | D36: قرمز تیره | E36: عدم ثبت تا تأیید یا اصلاح | F36: هشدار
A39: ساختار داده و فناوری پیشنهادی
A40: بخش | B40: پیشنهاد | D40: جدول داده | E40: فیلدهای کلیدی | F40: کلید | G40: منبع | H40: قابل ویرایش | I40: حذف | J40: یادداشت
A41: زبان | B41: Python 3.12 | D41: projects | E41: id, name, created_at, inventory_file | F41: id | G41: برنامه | H41: بله | I41: بله | J41: اطلاعات پروژه
A42: رابط کاربری | B42: PySide6 (Qt) با پشتیبانی کامل فارسی و RTL | D42: inventory | E42: project_id, label, raw_value, row_data | F42: project_id+label | G42: Excel موجودی | H42: خیر | I42: با پروژه | J42: کلیه ستون‌ها در JSON
A43: خواندن Excel | B43: pandas + openpyxl | D43: scans | E43: project_id, label, scanned_at, source, status | F43: id | G43: اسکن/Excel | H43: بله | I43: بله | J43: ثبت تاریخ و منبع
A44: پایگاه داده | B44: SQLite برای ذخیره پروژه‌ها و اسکن‌ها | D44: settings | E44: prefix, delimiter, min_length, sound | F44: key | G44: کاربر | H44: بله | I44: بازنشانی | J44: تنظیمات عمومی
A45: خروجی | B45: openpyxl برای Excel قالب‌بندی‌شده | D45: imports | E45: file_name, sheet_name, column_name, row_count | F45: id | G45: فایل | H45: خیر | I45: خیر | J45: سوابق بارگذاری
A46: بسته نصب | B46: PyInstaller برای تولید فایل Setup/EXE
A47: سیستم عامل | B47: Windows 10 و Windows 11 - نسخه 64 بیت
A50: خروجی Excel نرم‌افزار
A51: شیت خروجی | B51: محتوا | C51: قالب | E51: ستون خروجی مغایرت | F51: نوع | G51: اجباری | H51: نمونه | I51: منبع | J51: توضیح
A52: خلاصه | B52: تعداد موجودی، اسکن‌شده، موجود، مغایرت، تکراری و شمارش‌نشده | C52: کارت آماری و نمودار ساده | E52: شماره لیبل | F52: متن | G52: بله | H52: 2002967 | I52: اسکن | J52: صفر ابتدایی حفظ شود
A53: موجود | B53: رکوردهای فایل موجودی که اسکن شده‌اند | C53: سبز | E53: کد نرمال‌شده | F53: متن | G53: بله | H53: GD02002967 | I53: پردازش | J53: کد مورد مقایسه
A54: مغایرت | B54: لیبل‌های واردشده که در موجودی نیستند | C54: قرمز | E54: تاریخ و ساعت | F54: تاریخ | G54: بله | H54: 1405/07/15 17:45 | I54: سیستم | J54: زمان ثبت
A55: تکراری | B55: لیبل، تعداد دفعات و زمان‌های ثبت | C55: نارنجی | E55: منبع ثبت | F55: متن | G55: بله | H55: بارکدخوان | I55: برنامه | J55: اسکن یا فایل
A56: شمارش‌نشده | B56: کالاهای موجودی که اسکن نشده‌اند | C56: خاکستری | E56: دفعات تکرار | F56: عدد | G56: بله | H56: 1 | I56: محاسبه | J56: کنترل تکراری
E57: توضیحات | F57: متن | G57: خیر | H57: نیازمند بررسی | I57: کاربر | J57: یادداشت دستی
A61: معیارهای پذیرش و تست تحویل
A62: تست | B62: نتیجه مورد انتظار | D62: فاز | E62: تحویل | F62: اولویت | G62: زمان تقریبی | H62: وابستگی | I62: تأیید | J62: یادداشت
A63: بارگذاری فایل فعلی موجودی | B63: ستون محصول تشخیص داده شود و 838 ردیف داده خوانده شود | D63: 1 | E63: نسخه پایه: بارگذاری، اسکن تکی، مغایرت و خروجی | F63: ضروری | G63: 3 تا 5 روز | H63: نمونه فایل‌ها | I63: کاربر | J63: MVP
A64: اسکن GD02002967 | B64: وضعیت موجود و نمایش اطلاعات کالای میرو | D64: 2 | E64: ورود گروهی، تکراری، شمارش‌نشده و ذخیره پروژه | F64: ضروری | G64: 2 تا 3 روز | H64: فاز 1 | I64: کاربر | J64: نسخه عملیاتی
A65: اسکن 02002967 با پیشوند GD | B65: وضعیت موجود طبق تنظیمات پیشوند | D65: 3 | E65: تنظیمات پیشرفته و گزارش چاپی | F65: متوسط | G65: 1 تا 2 روز | H65: فاز 2 | I65: کاربر | J65: بهبود
A66: اسکن کد ناشناخته | B66: ثبت مغایرت با رنگ قرمز | D66: 4 | E66: ساخت Setup، تست ویندوز و راهنمای کاربر | F66: ضروری | G66: 1 تا 2 روز | H66: فاز 3 | I66: نهایی | J66: انتشار
A67: اسکن مجدد کد قبلی | B67: وضعیت تکراری و افزایش دفعات، بدون افزایش موجود | D67: کل | E67: نسخه کامل ویندوز | F67: — | G67: 7 تا 12 روز کاری | H67: — | I67: — | J67: برآورد توسعه
A68: بارگذاری فایل لیبل‌ها | B68: ورود گروهی با گزارش ردیف‌های نامعتبر
A69: بستن و بازکردن برنامه | B69: پروژه و اسکن‌ها بدون از دست رفتن بازیابی شوند
A70: خروجی Excel | B70: پنج شیت گزارش با صفرهای ابتدایی و رنگ صحیح ایجاد شود
A71: فایل بزرگ | B71: حداقل 100 هزار ردیف بدون توقف رابط پردازش شود
A75: پیش‌فرض‌های تأییدشده برای توسعه
A76: موضوع | B76: تصمیم
A77: نوع برنامه | B77: ویندوز مستقل
A78: ورود اطلاعات | B78: اسکن تکی و بارگذاری فایل Excel
A79: تشخیص ستون | B79: خودکار همراه با تأیید دستی
A80: زبان رابط | B80: فارسی و راست‌چین
A81: ذخیره اطلاعات | B81: کاملاً محلی و بدون نیاز به اینترنت
A82: فرمت خروجی | B82: Excel با حفظ کلیه اطلاعات موجودی
A83: بارکدخوان | B83: سازگار با دستگاه‌های Keyboard Wedge و کلید Enter
A86: راهنمای ساخت فایل اجرایی و نصب‌شونده ویندوز
A87: مرحله | B87: اقدام | D87: کنترل تحویل | E87: شرح | F87: مسئول | G87: ضروری | H87: وضعیت | I87: تاریخ | J87: یادداشت
A88: 1 | B88: نصب Python نسخه 64 بیتی و فعال‌کردن گزینه افزودن Python به PATH | D88: شروع برنامه | E88: بدون خطا و بدون نمایش CMD | F88: توسعه | G88: بله | H88: باز
A89: 2 | B89: ساخت پوشه پروژه و محیط مجازی مستقل برای جلوگیری از تداخل کتابخانه‌ها | D89: بارگذاری Excel | E89: پشتیبانی xlsx و انتخاب شیت | F89: توسعه | G89: بله | H89: باز
A90: 3 | B90: نصب کتابخانه‌های رابط کاربری، Excel، پایگاه داده و PyInstaller | D90: حفظ صفر ابتدایی | E90: تمام کدها به‌صورت متن خوانده شوند | F90: توسعه | G90: بله | H90: باز
A91: 4 | B91: اجرای مستقیم فایل اصلی و تست بارگذاری موجودی، اسکن و خروجی | D91: ذخیره محلی | E91: دیتابیس در پوشه اطلاعات کاربر ذخیره شود | F91: توسعه | G91: بله | H91: باز
A92: 5 | B92: ساخت اولیه به‌صورت پوشه‌ای برای عیب‌یابی سریع فایل‌ها و وابستگی‌ها | D92: دسترسی فایل | E92: عدم نوشتن دیتابیس داخل Program Files | F92: توسعه | G92: بله | H92: باز
A93: 6 | B93: ساخت نسخه تک‌فایلی بدون پنجره کنسول و همراه آیکن برنامه | D93: خروجی Excel | E93: فایل خروجی در مسیر انتخابی کاربر ساخته شود | F93: تست | G93: بله | H93: باز
A94: 7 | B94: تست EXE روی یک کامپیوتر ویندوزی که Python روی آن نصب نیست | D94: حذف برنامه | E94: Uninstall بدون حذف پروژه‌های کاربر | F94: تست | G94: بله | H94: باز
A95: 8 | B95: ساخت اسکریپت نصب با Inno Setup شامل میانبر دسکتاپ و منوی Start | D95: نسخه ویندوز | E95: تست روی Windows 10 و Windows 11 نسخه 64 بیتی | F95: تست | G95: بله | H95: باز
A96: 9 | B96: کامپایل اسکریپت نصب و تحویل فایل Setup نهایی | D96: فایل نهایی | E96: Setup امضاشده یا دارای Hash تحویل شود | F96: انتشار | G96: پیشنهادی | H96: باز
A99: ساختار پوشه پیشنهادی پروژه
A100: مسیر | B100: کاربرد
A101: app/main.py | B101: فایل شروع برنامه
A102: app/ui | B102: صفحات و فرم‌های رابط کاربری
A103: app/services | B103: خواندن Excel، مغایرت‌گیری و خروجی
A104: assets | B104: آیکن، فونت و فایل‌های ظاهری
A105: installer | B105: فایل تنظیمات ساخت Setup
